Lended_ID,Name,Last_Name,Deadline,Picture
#000021,Clarice,Penelopa,3/25/2021,User/folders/clients/PlaceHolderImage.png
#000023,Jacquetta,Bethany,3/25/2021,User/folders/clients/PlaceHolderImage.png
#000024,Cristabel,Alejoa,4/13/2021,User/folders/clients/PlaceHolderImage.png
#000027,Pollyanna,Jaylene,4/12/2021,User/folders/clients/PlaceHolderImage.png
#000029,Tatiania,Bethany,4/17/2021,User/folders/clients/PlaceHolderImage.png
#0000214,Sherrie,Kelula,3/31/2021,User/folders/clients/PlaceHolderImage.png
#0000221,Daune,Kolnick,4/2/2021,User/folders/clients/PlaceHolderImage.png
#0000223,Michaelina,Bord,3/18/2021,User/folders/clients/PlaceHolderImage.png
#0000225,Tybie,Rudolph,3/22/2021,User/folders/clients/PlaceHolderImage.png
#0000227,Jany,Dimitris,3/18/2021,User/folders/clients/PlaceHolderImage.png
#0000237,Bibby,Ulphia,4/5/2021,User/folders/clients/PlaceHolderImage.png
#0000238,Jeanna,Kaete,4/15/2021,User/folders/clients/PlaceHolderImage.png
#0000241,Belinda,Kiersten,4/14/2021,User/folders/clients/PlaceHolderImage.png
#0000243,Caritta,Carleen,4/16/2021,User/folders/clients/PlaceHolderImage.png
#0000245,Quintina,Vacuva,4/13/2021,User/folders/clients/PlaceHolderImage.png
#0000246,Letizia,Bashemeth,4/5/2021,User/folders/clients/PlaceHolderImage.png
#0000249,Mallory,Mathilde,4/3/2021,User/folders/clients/PlaceHolderImage.png
#0000252,Ronna,Yoko,4/6/2021,User/folders/clients/PlaceHolderImage.png
#0000257,Ardys,Terrence,4/2/2021,User/folders/clients/PlaceHolderImage.png
#0000262,Olwen,Telfer,3/19/2021,User/folders/clients/PlaceHolderImage.png
#0000271,Debee,Danby,4/6/2021,User/folders/clients/PlaceHolderImage.png
#0000277,Romona,Yuille,3/26/2021,User/folders/clients/PlaceHolderImage.png
#0000282,Kirbee,Plato,4/11/2021,User/folders/clients/PlaceHolderImage.png
#0000284,Norine,Avi,3/24/2021,User/folders/clients/PlaceHolderImage.png
#0000286,Bernardine,Dawkins,4/2/2021,User/folders/clients/PlaceHolderImage.png
#0000287,Riannon,Peti,4/11/2021,User/folders/clients/PlaceHolderImage.png
#0000293,Hyacinthe,Kaete,4/8/2021,User/folders/clients/PlaceHolderImage.png
#00002109,Fidelia,Flita,4/4/2021,User/folders/clients/PlaceHolderImage.png
#00002112,Myriam,Ardra,4/3/2021,User/folders/clients/PlaceHolderImage.png
#00002115,Marylou,Garek,3/21/2021,User/folders/clients/PlaceHolderImage.png
#00002124,Joceline,Virgin,4/9/2021,User/folders/clients/PlaceHolderImage.png
#00002129,Jobi,Idelia,3/30/2021,User/folders/clients/PlaceHolderImage.png
#00002132,Chandra,Martguerita,4/9/2021,User/folders/clients/PlaceHolderImage.png
#00002134,Aaren,Arley,4/6/2021,User/folders/clients/PlaceHolderImage.png
#00002140,Harrietta,Leary,3/25/2021,User/folders/clients/PlaceHolderImage.png
#00002141,Ronna,Francyne,4/15/2021,User/folders/clients/PlaceHolderImage.png
#00002147,Maud,Gherardo,4/15/2021,User/folders/clients/PlaceHolderImage.png
#00002149,Averyl,Sherrie,3/27/2021,User/folders/clients/PlaceHolderImage.png
#00002154,Anallese,Strephon,4/1/2021,User/folders/clients/PlaceHolderImage.png
#00002159,Ivett,Greenwald,3/24/2021,User/folders/clients/PlaceHolderImage.png
#00002168,Ernesta,Terrence,3/27/2021,User/folders/clients/PlaceHolderImage.png
#00002170,Rhoda,Idelia,3/20/2021,User/folders/clients/PlaceHolderImage.png
#00002177,Norine,Warthman,3/20/2021,User/folders/clients/PlaceHolderImage.png
#00002179,Bobinette,Etom,4/6/2021,User/folders/clients/PlaceHolderImage.png
#00002180,Imojean,Alcott,4/13/2021,User/folders/clients/PlaceHolderImage.png
#00002185,Ileana,Ventre,4/8/2021,User/folders/clients/PlaceHolderImage.png
#00002189,Dede,Susannah,4/13/2021,User/folders/clients/PlaceHolderImage.png
#00002199,Carilyn,Darian,3/19/2021,User/folders/clients/PlaceHolderImage.png
#00002208,Gretal,Bobbee,4/15/2021,User/folders/clients/PlaceHolderImage.png
#00002211,Calla,Garek,4/11/2021,User/folders/clients/PlaceHolderImage.png
